2000-01-07	1.00770	1.04140	1.00490	1.03290	0
2000-01-14	1.02840	1.03690	1.00750	1.02600	0
2000-01-21	1.01300	1.01870	1.00650	1.01680	0
2000-01-28	1.00490	1.00950	0.98650	0.98830	0
2000-02-04	0.97740	0.99470	0.96650	0.98970	0
2000-02-11	0.98180	0.99670	0.97500	0.98520	0
2000-02-18	0.98690	0.99520	0.97640	0.98810	0
2000-02-25	0.98450	1.00900	0.98410	0.99140	0
2000-03-03	0.97360	0.99000	0.93900	0.96280	0
2000-03-10	0.95800	0.96960	0.95240	0.96730	0
2000-03-17	0.96270	0.97370	0.96000	0.97030	0
2000-03-24	0.97100	0.97440	0.95820	0.97150	0
2000-03-31	0.97490	0.97870	0.94830	0.96210	0
2000-04-07	0.95640	0.97500	0.95000	0.95840	0
2000-04-14	0.95420	0.96440	0.95150	0.95280	0
2000-04-21	0.96590	0.96710	0.93540	0.93800	0
2000-04-28	0.93710	0.94500	0.90640	0.91050	0
2000-05-05	0.91320	0.91740	0.88530	0.89070	0
2000-05-12	0.90100	0.91260	0.89130	0.90210	0
2000-05-19	0.91820	0.91940	0.88920	0.89430	0
2000-05-26	0.89730	0.91550	0.89520	0.91290	0
2000-06-02	0.93080	0.94100	0.92360	0.93170	0
2000-06-09	0.94580	0.97000	0.94100	0.95500	0
2000-06-16	0.95320	0.96500	0.94880	0.95430	0
2000-06-23	0.96430	0.96910	0.93500	0.93580	0
2000-06-30	0.93530	0.95340	0.92940	0.95090	0
2000-07-07	0.95210	0.95950	0.94640	0.95080	0
2000-07-14	0.94870	0.95640	0.93300	0.93720	0
2000-07-21	0.93780	0.93990	0.91940	0.93370	0
2000-07-28	0.93600	0.94470	0.93070	0.93180	0
2000-08-04	0.92350	0.92940	0.90110	0.90660	0
2000-08-11	0.90750	0.91110	0.89610	0.90790	0
2000-08-18	0.90240	0.91780	0.89950	0.91630	0
2000-08-25	0.90760	0.90790	0.89130	0.90210	0
2000-09-01	0.90200	0.90460	0.88370	0.88870	0
2000-09-08	0.90100	0.90380	0.86370	0.87230	0
2000-09-15	0.86400	0.87260	0.85500	0.86410	0
2000-09-22	0.85320	0.86050	0.84430	0.86050	0
2000-09-29	0.87990	0.88850	0.87100	0.87980	0
2000-10-06	0.88350	0.88570	0.86810	0.86910	0
2000-10-13	0.86820	0.87640	0.86160	0.86250	0
2000-10-20	0.85400	0.85710	0.83310	0.84320	0
2000-10-27	0.84000	0.84240	0.82300	0.83070	0
2000-11-03	0.84010	0.86660	0.83850	0.85900	0
2000-11-10	0.86650	0.87280	0.85190	0.86580	0
2000-11-17	0.86220	0.86640	0.85100	0.85330	0
2000-11-24	0.84870	0.85350	0.83710	0.83900	0
2000-12-01	0.83900	0.87340	0.83800	0.87230	0
2000-12-08	0.87980	0.89710	0.87530	0.88900	0
2000-12-15	0.88220	0.89330	0.87180	0.89240	0
2000-12-22	0.89450	0.91680	0.88800	0.91640	0
2000-12-29	0.92360	0.93380	0.91950	0.92970	0
2001-01-05	0.93920	0.95700	0.92620	0.94940	0
2001-01-12	0.95850	0.95910	0.93620	0.95200	0
2001-01-19	0.94990	0.95290	0.92900	0.94260	0
2001-01-26	0.93490	0.94490	0.91200	0.92420	0
2001-02-02	0.92360	0.94440	0.91470	0.93880	0
2001-02-09	0.93620	0.94400	0.91570	0.91800	0
2001-02-16	0.92470	0.93300	0.90300	0.90540	0
2001-02-23	0.91200	0.92390	0.90170	0.90360	0
2001-03-02	0.91740	0.93200	0.90760	0.93050	0
2001-03-09	0.93510	0.93700	0.92540	0.93300	0
2001-03-16	0.93220	0.93440	0.89550	0.89680	0
2001-03-23	0.89660	0.91250	0.88340	0.88930	0
2001-03-30	0.88920	0.89900	0.88010	0.88240	0
2001-04-06	0.87500	0.90880	0.87400	0.89670	0
2001-04-13	0.90330	0.90470	0.88100	0.89230	0
2001-04-20	0.88930	0.89890	0.86990	0.89770	0
2001-04-27	0.90230	0.90800	0.89100	0.90330	0
2001-05-04	0.89110	0.89750	0.88450	0.88990	0
2001-05-11	0.89230	0.89380	0.87820	0.88130	0
2001-05-18	0.87490	0.88800	0.87230	0.88280	0
2001-05-25	0.88000	0.88180	0.85030	0.85690	0
2001-06-01	0.85950	0.86120	0.84460	0.84540	0
2001-06-08	0.84680	0.85680	0.84270	0.85080	0
2001-06-15	0.84980	0.86360	0.84080	0.86240	0
2001-06-22	0.86240	0.86450	0.84970	0.85440	0
2001-06-29	0.85660	0.86590	0.84320	0.84420	0
2001-07-06	0.84930	0.85100	0.83540	0.83640	0
2001-07-13	0.84670	0.86400	0.84370	0.85360	0
2001-07-20	0.85450	0.87780	0.84920	0.87130	0
2001-07-27	0.87060	0.88230	0.86500	0.87760	0
2001-08-03	0.87580	0.88420	0.87180	0.88360	0
2001-08-10	0.88300	0.89410	0.87410	0.89230	0
2001-08-17	0.89390	0.91980	0.89180	0.91160	0
2001-08-24	0.91690	0.92400	0.90800	0.91500	0
2001-08-31	0.91240	0.91860	0.90290	0.91620	0
2001-09-07	0.90850	0.91040	0.88260	0.89560	0
2001-09-14	0.90610	0.91500	0.89550	0.91090	0
2001-09-21	0.92340	0.93310	0.91690	0.92790	0
2001-09-28	0.91350	0.92470	0.91010	0.91810	0
2001-10-05	0.91040	0.92300	0.90570	0.91770	0
2001-10-12	0.91860	0.92440	0.89920	0.90260	0
2001-10-19	0.91160	0.91410	0.89960	0.90320	0
2001-10-26	0.89830	0.90010	0.88700	0.89240	0
2001-11-02	0.89300	0.91180	0.89200	0.90250	0
2001-11-09	0.90120	0.90460	0.89070	0.89260	0
2001-11-16	0.89420	0.90140	0.87730	0.88160	0
2001-11-23	0.88410	0.88520	0.87550	0.87760	0
2001-11-30	0.87840	0.89810	0.87700	0.89640	0
2001-12-07	0.89630	0.89670	0.88420	0.88960	0
2001-12-14	0.88900	0.90510	0.88410	0.90420	0
2001-12-21	0.90330	0.90800	0.88540	0.88880	0
2001-12-28	0.88880	0.89040	0.87400	0.88430	0
2002-01-04	0.88430	0.90640	0.88250	0.89460	0
2002-01-11	0.89460	0.89940	0.88630	0.89250	0
2002-01-18	0.89250	0.89500	0.87920	0.88440	0
2002-01-25	0.88440	0.88880	0.86300	0.86500	0
2002-02-01	0.86500	0.86710	0.85620	0.86130	0
2002-02-08	0.86130	0.87520	0.86040	0.87270	0
2002-02-15	0.87270	0.87990	0.86790	0.87330	0
2002-02-22	0.87310	0.87810	0.86640	0.87550	0
2002-03-01	0.87510	0.87550	0.86140	0.86510	0
2002-03-08	0.86440	0.88380	0.86320	0.87450	0
2002-03-15	0.87330	0.88680	0.87040	0.88230	0
2002-03-22	0.88130	0.88600	0.87490	0.87670	0
2002-03-29	0.87640	0.87940	0.86990	0.87130	0
2002-04-05	0.87140	0.88550	0.87100	0.87870	0
2002-04-12	0.87900	0.88440	0.87340	0.87980	0
2002-04-19	0.87910	0.89210	0.87860	0.89080	0
2002-04-26	0.89010	0.90190	0.88590	0.90130	0
2002-05-03	0.90120	0.91720	0.89890	0.91590	0
2002-05-10	0.91570	0.91870	0.90350	0.91350	0
2002-05-17	0.91350	0.92180	0.89940	0.92050	0
2002-05-24	0.91980	0.92760	0.91600	0.92070	0
2002-05-31	0.92070	0.94110	0.91810	0.93280	0
2002-06-07	0.93270	0.94870	0.93020	0.94410	0
2002-06-14	0.94380	0.95210	0.93850	0.94560	0
2002-06-21	0.94560	0.97160	0.94100	0.97150	0
2002-06-28	0.97150	0.99890	0.96580	0.99060	0
2002-07-05	0.99060	0.99710	0.97130	0.97290	0
2002-07-12	0.97290	0.99670	0.97240	0.99100	0
2002-07-19	0.99100	1.02040	0.99070	1.01450	0
2002-07-26	1.01440	1.01600	0.98430	0.98690	0
2002-08-02	0.98690	0.99160	0.97220	0.98640	0
2002-08-09	0.98640	0.98760	0.96210	0.96980	0
2002-08-16	0.96980	0.98910	0.96920	0.98440	0
2002-08-23	0.98440	0.98700	0.96620	0.97240	0
2002-08-30	0.97240	0.98840	0.96840	0.98240	0
2002-09-06	0.98240	0.99890	0.97960	0.98180	0
2002-09-13	0.98180	0.98370	0.97000	0.97160	0
2002-09-20	0.97160	0.98730	0.96070	0.98140	0
2002-09-27	0.98140	0.98560	0.97260	0.98060	0
2002-10-04	0.98060	0.99090	0.97790	0.97890	0
2002-10-11	0.97890	0.99250	0.97580	0.98640	0
2002-10-18	0.98640	0.98910	0.96940	0.97170	0
2002-10-25	0.97170	0.98010	0.96840	0.97620	0
2002-11-01	0.97620	0.99660	0.97260	0.99650	0
2002-11-08	0.99650	1.01460	0.99310	1.01280	0
2002-11-15	1.01280	1.01690	1.00110	1.00920	0
2002-11-22	1.00920	1.01410	0.99590	0.99690	0
2002-11-29	0.99690	0.99690	0.98780	0.99430	0
2002-12-06	0.99430	1.01240	0.98580	1.00940	0
2002-12-13	1.00940	1.02580	1.00590	1.02260	0
2002-12-20	1.02320	1.03330	1.01910	1.02670	0
2002-12-27	1.02670	1.04410	1.02130	1.04360	0
2003-01-03	1.04360	1.05020	1.03330	1.04150	0
2003-01-10	1.04150	1.05830	1.03590	1.05760	0
2003-01-17	1.05760	1.06770	1.05020	1.06640	0
2003-01-24	1.06640	1.08470	1.06290	1.08270	0
2003-01-31	1.08270	1.09050	1.07200	1.07630	0
2003-02-07	1.07630	1.09360	1.06910	1.08260	0
2003-02-14	1.08260	1.08570	1.06640	1.07910	0
2003-02-21	1.07910	1.08450	1.06640	1.07630	0
2003-02-28	1.07630	1.08370	1.07040	1.07980	0
2003-03-07	1.07980	1.10640	1.07980	1.10030	0
2003-03-14	1.10030	1.10830	1.06880	1.07400	0
2003-03-21	1.07400	1.08430	1.04990	1.05220	0
2003-03-28	1.05220	1.07990	1.05220	1.07790	0
2003-04-04	1.07790	1.09570	1.06800	1.07290	0
2003-04-11	1.07290	1.08290	1.05580	1.07510	0
2003-04-18	1.07510	1.09750	1.07140	1.08800	0
2003-04-25	1.08800	1.10480	1.08200	1.10340	0
2003-05-02	1.10340	1.12850	1.09320	1.12270	0
2003-05-09	1.12270	1.15350	1.12020	1.14910	0
2003-05-16	1.14910	1.16220	1.13680	1.15720	0
2003-05-23	1.15720	1.18360	1.15720	1.18270	0
2003-05-30	1.18270	1.19330	1.16900	1.17660	0
2003-06-06	1.17660	1.18870	1.16290	1.16990	0
2003-06-13	1.16990	1.18760	1.16530	1.18620	0
2003-06-20	1.18620	1.19290	1.15490	1.16040	0
2003-06-27	1.16040	1.16210	1.13980	1.14260	0
2003-07-04	1.14260	1.16080	1.13980	1.14860	0
2003-07-11	1.14860	1.14870	1.12570	1.12960	0
2003-07-18	1.12960	1.13360	1.11090	1.12730	0
2003-07-25	1.12730	1.15480	1.12410	1.15080	0
2003-08-01	1.15080	1.15390	1.11330	1.12600	0
2003-08-08	1.12600	1.14250	1.12580	1.13000	0
2003-08-15	1.13000	1.13790	1.12170	1.12550	0
2003-08-22	1.12550	1.12670	1.08340	1.08890	0
2003-08-29	1.08890	1.09970	1.07880	1.09880	0
2003-09-05	1.09880	1.11110	1.07600	1.11050	0
2003-09-12	1.11050	1.13230	1.10450	1.12860	0
2003-09-19	1.12860	1.13810	1.11360	1.13590	0
2003-09-26	1.13590	1.15340	1.13590	1.14770	0
2003-10-03	1.14770	1.17660	1.13940	1.15680	0
2003-10-10	1.15680	1.18570	1.15320	1.18010	0
2003-10-17	1.18010	1.18130	1.15440	1.16720	0
2003-10-24	1.16720	1.18550	1.16000	1.17940	0
2003-10-31	1.17940	1.17940	1.15630	1.15800	0
2003-11-07	1.15800	1.16170	1.13730	1.15330	0
2003-11-14	1.15330	1.18030	1.14430	1.17800	0
2003-11-21	1.17800	1.19760	1.17260	1.19150	0
2003-11-28	1.19150	1.20130	1.17500	1.19890	0
2003-12-05	1.19890	1.21760	1.19350	1.21640	0
2003-12-12	1.21640	1.23050	1.21120	1.22920	0
2003-12-19	1.22920	1.24380	1.21280	1.23760	0
2003-12-26	1.23760	1.24680	1.23460	1.24260	0
2004-01-02	1.24260	1.26460	1.24240	1.25910	0
2004-01-09	1.25910	1.28670	1.25570	1.28410	0
2004-01-16	1.28410	1.28960	1.23500	1.23710	0
2004-01-23	1.23710	1.27740	1.23310	1.25860	0
2004-01-30	1.25860	1.26630	1.23480	1.24730	0
2004-02-06	1.24730	1.27240	1.23890	1.27010	0
2004-02-13	1.27010	1.28920	1.25630	1.27390	0
2004-02-20	1.27390	1.29270	1.24920	1.25220	0
2004-02-27	1.25220	1.27120	1.23690	1.24930	0
2004-03-05	1.24830	1.25400	1.20550	1.23730	0
2004-03-12	1.23870	1.24560	1.21600	1.22200	0
2004-03-19	1.21920	1.24300	1.21700	1.22740	0
2004-03-26	1.22780	1.23990	1.20690	1.21240	0
2004-04-02	1.21180	1.23870	1.20440	1.21340	0
2004-04-09	1.21150	1.22180	1.19800	1.20860	0
2004-04-16	1.20860	1.20980	1.18670	1.19890	0
2004-04-23	1.20150	1.20770	1.17760	1.18350	0
2004-04-30	1.18210	1.20120	1.17580	1.19800	0
2004-05-07	1.19800	1.21800	1.18740	1.18860	0
2004-05-14	1.18740	1.19410	1.17710	1.18790	0
2004-05-21	1.18870	1.20670	1.18770	1.19930	0
2004-05-28	1.19840	1.22940	1.19310	1.22120	0
2004-06-04	1.22430	1.23060	1.21360	1.22870	0
2004-06-11	1.22930	1.23500	1.19640	1.20180	0
2004-06-18	1.20030	1.21680	1.19520	1.21390	0
2004-06-25	1.21350	1.21910	1.20390	1.21580	0
2004-07-02	1.21760	1.23260	1.20650	1.23200	0
2004-07-09	1.23230	1.24210	1.22650	1.24110	0
2004-07-16	1.24130	1.24600	1.23000	1.24470	0
2004-07-23	1.24400	1.24600	1.20860	1.20990	0
2004-07-30	1.21030	1.21880	1.19900	1.20230	0
2004-08-06	1.20600	1.22880	1.19670	1.22870	0
2004-08-13	1.22850	1.23760	1.21750	1.23700	0
2004-08-20	1.23710	1.23850	1.22760	1.23100	0
2004-08-27	1.23170	1.23200	1.20040	1.20090	0
2004-09-03	1.20140	1.22190	1.19860	1.20600	0
2004-09-10	1.20580	1.23080	1.20250	1.22650	0
2004-09-17	1.22620	1.22940	1.21190	1.21800	0
2004-09-24	1.21760	1.23620	1.21240	1.22600	0
2004-10-01	1.22800	1.24420	1.22460	1.24100	0
2004-10-08	1.23940	1.24320	1.22460	1.24070	0
2004-10-15	1.24180	1.25050	1.22240	1.24740	0
2004-10-22	1.24730	1.26810	1.24510	1.26700	0
2004-10-29	1.26920	1.28410	1.26290	1.27960	0
2004-11-05	1.28010	1.29690	1.26560	1.29690	0
2004-11-12	1.29690	1.30030	1.28460	1.29760	0
2004-11-19	1.29750	1.30740	1.29160	1.30240	0
2004-11-26	1.30370	1.33290	1.29740	1.32930	0
2004-12-03	1.32690	1.34590	1.32280	1.34550	0
2004-12-10	1.34420	1.34680	1.31380	1.32240	0
2004-12-17	1.31940	1.34410	1.31880	1.32850	0
2004-12-24	1.33290	1.35470	1.32960	1.35300	0
2004-12-31	1.35300	1.36660	1.35100	1.35310	0
2005-01-07	1.35310	1.35790	1.30230	1.30430	0
2005-01-14	1.30600	1.32910	1.30500	1.31020	0
2005-01-21	1.31040	1.31270	1.29210	1.30440	0
2005-01-28	1.30380	1.31220	1.29440	1.30450	0
2005-02-04	1.30300	1.30920	1.28660	1.28720	0
2005-02-11	1.28590	1.29050	1.27300	1.28660	0
2005-02-18	1.28710	1.30880	1.28710	1.30670	0
2005-02-25	1.30440	1.32730	1.30300	1.32410	0
2005-03-04	1.32410	1.32780	1.30850	1.32400	0
2005-03-11	1.32370	1.34790	1.31740	1.34490	0
2005-03-18	1.34600	1.34770	1.32630	1.33120	0
2005-03-25	1.33120	1.33160	1.29270	1.29560	0
2005-04-01	1.29560	1.30500	1.28550	1.29070	0
2005-04-08	1.28910	1.29390	1.28000	1.29270	0
2005-04-15	1.29320	1.30150	1.27670	1.29170	0
2005-04-22	1.29110	1.31240	1.28750	1.30630	0
2005-04-29	1.30630	1.30700	1.28520	1.28680	0
2005-05-06	1.28630	1.29870	1.28090	1.28220	0
2005-05-13	1.28160	1.29110	1.26090	1.26210	0
2005-05-20	1.26270	1.26900	1.25340	1.25590	0
2005-05-27	1.25490	1.26280	1.24920	1.25790	0
2005-06-03	1.25230	1.25440	1.21560	1.22220	0
2005-06-10	1.22260	1.23520	1.21070	1.21190	0
2005-06-17	1.21100	1.22830	1.20150	1.22750	0
2005-06-24	1.22150	1.22380	1.19800	1.21010	0
2005-07-01	1.20910	1.21840	1.19390	1.19470	0
2005-07-08	1.19400	1.20400	1.18640	1.19580	0
2005-07-15	1.19700	1.22550	1.19560	1.20410	0
2005-07-22	1.20280	1.22500	1.19510	1.20600	0
2005-07-29	1.20560	1.21590	1.19620	1.21230	0
2005-08-05	1.21220	1.24020	1.21180	1.23500	0
2005-08-12	1.23460	1.24850	1.23140	1.24350	0
2005-08-19	1.24580	1.24630	1.21240	1.21630	0
2005-08-26	1.21650	1.23410	1.21550	1.22830	0
2005-09-02	1.22970	1.25880	1.21690	1.25430	0
2005-09-09	1.25370	1.25850	1.23740	1.24110	0
2005-09-16	1.24060	1.24120	1.21930	1.22320	0
2005-09-23	1.21680	1.22680	1.20410	1.20460	0
2005-09-30	1.20280	1.20890	1.19770	1.20180	0
2005-10-07	1.20220	1.22030	1.18990	1.21230	0
2005-10-14	1.21120	1.21520	1.19120	1.20830	0
2005-10-21	1.20800	1.21210	1.18740	1.19500	0
2005-10-28	1.19360	1.21720	1.19200	1.20670	0
2005-11-04	1.20590	1.20880	1.18030	1.18220	0
2005-11-11	1.18110	1.18310	1.16700	1.17270	0
2005-11-18	1.17210	1.17940	1.16400	1.17650	0
2005-11-25	1.17710	1.18600	1.16840	1.17240	0
2005-12-02	1.17130	1.19000	1.16590	1.17180	0
2005-12-09	1.17000	1.18490	1.16870	1.18140	0
2005-12-16	1.17790	1.20600	1.17760	1.20130	0
2005-12-23	1.20240	1.20370	1.17990	1.18730	0
2005-12-30	1.18740	1.19310	1.17760	1.18380	0
2006-01-06	1.18380	1.21800	1.18350	1.21520	0
2006-01-13	1.21480	1.21620	1.20060	1.21310	0
2006-01-20	1.21460	1.21730	1.20400	1.21360	0
2006-01-27	1.21410	1.23230	1.20850	1.21000	0
2006-02-03	1.21050	1.21880	1.19660	1.20190	0
2006-02-10	1.20370	1.20450	1.18900	1.18940	0
2006-02-17	1.18990	1.19540	1.18460	1.19320	0
2006-02-24	1.19280	1.19740	1.18620	1.18670	0
2006-03-03	1.18710	1.20520	1.18250	1.20350	0
2006-03-10	1.20450	1.20930	1.18590	1.19150	0
2006-03-17	1.19120	1.22070	1.19090	1.21920	0
2006-03-24	1.21820	1.21960	1.19510	1.20350	0
2006-03-31	1.20370	1.21750	1.19780	1.21170	0
2006-04-07	1.21130	1.23310	1.20320	1.21000	0
2006-04-14	1.21030	1.21670	1.20650	1.21110	0
2006-04-21	1.21200	1.23930	1.21180	1.23460	0
2006-04-28	1.23690	1.26330	1.23320	1.26140	0
2006-05-05	1.26290	1.27640	1.25530	1.27270	0
2006-05-12	1.27330	1.29560	1.26580	1.29270	0
2006-05-19	1.29420	1.29700	1.26910	1.27720	0
2006-05-26	1.27610	1.28900	1.26940	1.27230	0
2006-06-02	1.27330	1.29400	1.27170	1.29200	0
2006-06-09	1.29340	1.29760	1.25960	1.26390	0
2006-06-16	1.26190	1.26710	1.25290	1.26380	0
2006-06-23	1.26380	1.26790	1.24760	1.25090	0
2006-06-30	1.25150	1.27910	1.25000	1.27890	0
2006-07-07	1.27820	1.28590	1.27050	1.28140	0
2006-07-14	1.28130	1.28160	1.26260	1.26450	0
2006-07-21	1.26450	1.26950	1.24560	1.26940	0
2006-07-28	1.26940	1.27730	1.25570	1.27470	0
2006-08-04	1.27470	1.29080	1.27180	1.28740	0
2006-08-11	1.28740	1.29110	1.27160	1.27290	0
2006-08-18	1.27290	1.28860	1.26930	1.28280	0
2006-08-25	1.28290	1.29380	1.27230	1.27550	0
2006-09-01	1.27550	1.28800	1.27480	1.28360	0
2006-09-08	1.28360	1.28730	1.26500	1.26760	0
2006-09-15	1.26760	1.27520	1.26300	1.26550	0
2006-09-22	1.26590	1.28300	1.26300	1.27850	0
2006-09-29	1.27850	1.28200	1.26380	1.26780	0
2006-10-06	1.26780	1.27650	1.25700	1.25920	0
2006-10-13	1.25920	1.26130	1.24830	1.25070	0
2006-10-20	1.25070	1.26420	1.24890	1.26170	0
2006-10-27	1.26170	1.27500	1.25240	1.27330	0
2006-11-03	1.27330	1.27970	1.26770	1.27150	0
2006-11-10	1.27150	1.29020	1.26890	1.28450	0
2006-11-17	1.28450	1.28770	1.27610	1.28240	0
2006-11-24	1.28240	1.31090	1.27950	1.30940	0
2006-12-01	1.30940	1.33480	1.30850	1.33350	0
2006-12-08	1.33350	1.33670	1.31880	1.32020	0
2006-12-15	1.32020	1.32920	1.30590	1.30820	0
2006-12-22	1.30820	1.32440	1.30510	1.31400	0
2006-12-29	1.31400	1.32040	1.30890	1.32010	0
2007-01-05	1.32010	1.32960	1.29800	1.30020	0
2007-01-12	1.30020	1.30520	1.28640	1.29150	0
2007-01-19	1.29140	1.30000	1.28960	1.29600	0
2007-01-26	1.29600	1.30430	1.28760	1.29130	0
2007-02-02	1.29130	1.30640	1.28970	1.29640	0
2007-02-09	1.29610	1.30430	1.29120	1.30050	0
2007-02-16	1.30020	1.31720	1.29400	1.31380	0
2007-02-23	1.31570	1.31880	1.30800	1.31640	0
2007-03-02	1.31640	1.32580	1.31410	1.31910	0
2007-03-09	1.31910	1.32100	1.30710	1.31130	0
2007-03-15	1.31880	1.33380	1.31540	1.33120	0
2007-03-22	1.33010	1.34100	1.32700	1.32860	0
2007-03-29	1.33290	1.33990	1.32870	1.33570	0
2007-04-05	1.33580	1.34410	1.33170	1.34280	0
2007-04-13	1.33740	1.35520	1.33390	1.35300	0
2007-04-20	1.35540	1.36360	1.35230	1.35920	0
2007-04-27	1.35990	1.36810	1.35400	1.36480	0
2007-05-04	1.36480	1.36780	1.35340	1.35950	0
2007-05-11	1.35950	1.36260	1.34610	1.35310	0
2007-05-18	1.35310	1.36080	1.34640	1.35100	0
2007-05-25	1.35100	1.35290	1.34100	1.34450	0
2007-06-01	1.34450	1.35190	1.33910	1.34450	0
2007-06-08	1.34450	1.35530	1.33190	1.33670	0
2007-06-15	1.33670	1.33850	1.32620	1.33790	0
2007-06-22	1.33790	1.34680	1.33710	1.34640	0
2007-06-29	1.34640	1.35390	1.34140	1.35340	0
2007-07-06	1.35340	1.36580	1.35270	1.36230	0
2007-07-13	1.36320	1.38130	1.35930	1.37860	0
2007-07-20	1.37840	1.38420	1.37510	1.38250	0
2007-07-27	1.38340	1.38510	1.36290	1.36370	0
2007-08-03	1.36170	1.38190	1.36080	1.37860	0
2007-08-10	1.38090	1.38380	1.36400	1.36950	0
2007-08-17	1.36850	1.37070	1.33590	1.34900	0
2007-08-24	1.34800	1.36810	1.34490	1.36660	0
2007-08-31	1.36750	1.37180	1.35620	1.36210	0
2007-09-07	1.36300	1.37970	1.35500	1.37670	0
2007-09-14	1.37680	1.39262	1.37650	1.38760	0
2007-09-21	1.38650	1.41190	1.38272	1.40891	0
2007-09-28	1.40900	1.42770	1.40600	1.42580	0
2007-10-05	1.42730	1.42809	1.40325	1.41340	0
2007-10-12	1.41380	1.42401	1.40140	1.41763	0
2007-10-19	1.41740	1.43181	1.41430	1.42940	0
2007-10-26	1.43280	1.43923	1.41250	1.43890	0
2007-11-01	1.44240	1.45272	1.43730	1.45140	0
2007-11-09	1.45140	1.47510	1.44430	1.46680	0
2007-11-16	1.46690	1.47242	1.45191	1.46470	0
2007-11-23	1.46690	1.49660	1.46201	1.48355	0
2007-11-30	1.48190	1.49002	1.46280	1.46290	0
2007-12-07	1.46360	1.47690	1.45235	1.46530	0
2007-12-14	1.46530	1.47498	1.44100	1.44220	0
2007-12-21	1.43890	1.44520	1.43096	1.43568	0
2007-12-28	1.43710	1.47262	1.43650	1.47147	0
2008-01-04	1.47130	1.48235	1.45803	1.47518	0
2008-01-11	1.47440	1.48180	1.46381	1.47762	0
2008-01-18	1.47780	1.49214	1.45884	1.46154	0
2008-01-25	1.46005	1.47777	1.43645	1.46702	0
2008-02-01	1.46775	1.49414	1.46607	1.47974	0
2008-02-08	1.48025	1.48477	1.44378	1.45108	0
2008-02-15	1.45145	1.47080	1.44808	1.46765	0
2008-02-22	1.46780	1.48620	1.46098	1.48295	0
2008-02-29	1.48295	1.52380	1.47765	1.51790	0
2008-03-07	1.51790	1.54594	1.51441	1.53455	0
2008-03-13	1.53420	1.56870	1.52813	1.56690	0
2008-03-20	1.57280	1.58311	1.53956	1.54356	0
2008-03-27	1.54213	1.58570	1.54060	1.58033	0
2008-04-03	1.57870	1.57870	1.55093	1.57290	0
2008-04-11	1.57290	1.59122	1.56261	1.58262	0
2008-04-18	1.58262	1.59830	1.56695	1.58082	0
2008-04-25	1.58082	1.60183	1.55541	1.55923	0
2008-05-02	1.55923	1.56924	1.53591	1.54119	0
2008-05-09	1.54119	1.55933	1.52833	1.54808	0
2008-05-16	1.54808	1.56011	1.53656	1.55927	0
2008-05-23	1.55927	1.58129	1.54848	1.57739	0
2008-05-30	1.57739	1.58172	1.54609	1.55560	0
2008-06-06	1.55560	1.57739	1.53636	1.57684	0
2008-06-13	1.57684	1.58426	1.53021	1.53612	0
2008-06-20	1.53612	1.56506	1.53435	1.56246	0
2008-06-27	1.56246	1.57899	1.54669	1.57889	0
2008-07-04	1.57889	1.59081	1.56537	1.56969	0
2008-07-11	1.56969	1.59460	1.56100	1.59217	0
2008-07-18	1.59217	1.60369	1.57819	1.58366	0
2008-07-25	1.58366	1.59428	1.56272	1.56976	0
2008-08-01	1.56976	1.57669	1.55117	1.55387	0
2008-08-08	1.55387	1.56299	1.49966	1.50164	0
2008-08-15	1.50164	1.50823	1.46581	1.46716	0
2008-08-22	1.46716	1.49070	1.46292	1.47730	0
2008-08-29	1.47730	1.48103	1.45702	1.46690	0
2008-09-05	1.46690	1.47202	1.41952	1.42333	0
2008-09-12	1.42333	1.44278	1.38812	1.42152	0
2008-09-19	1.42152	1.45400	1.40697	1.44720	0
2008-09-26	1.44720	1.48656	1.44354	1.46109	0
2008-10-03	1.46109	1.46109	1.37015	1.38033	0
2008-10-10	1.38033	1.38033	1.32560	1.34114	0
2008-10-17	1.34114	1.37680	1.33451	1.34029	0
2008-10-24	1.34029	1.35296	1.24940	1.25860	0
2008-10-30	1.24918	1.32968	1.23284	1.27378	0
2008-11-07	1.27378	1.31154	1.25254	1.27614	0
2008-11-14	1.27614	1.29260	1.23876	1.26864	0
2008-11-21	1.26864	1.28132	1.24223	1.25764	0
2008-11-28	1.25764	1.30801	1.25622	1.26997	0
2008-12-05	1.26997	1.28471	1.25484	1.27142	0
2008-12-12	1.27142	1.34147	1.27142	1.33731	0
2008-12-19	1.33643	1.47184	1.33642	1.39174	0
2008-12-26	1.39350	1.41238	1.39004	1.40577	0
2009-01-02	1.40589	1.43623	1.38389	1.38517	0
2009-01-09	1.39016	1.39621	1.33114	1.34298	0
2009-01-16	1.34710	1.34722	1.30270	1.32883	0
2009-01-23	1.33335	1.33845	1.27640	1.29846	0
2009-01-30	1.28980	1.33288	1.27764	1.28003	0
2009-02-06	1.27665	1.30698	1.27053	1.29266	0
2009-02-13	1.29595	1.30927	1.27205	1.28843	0
2009-02-20	1.27805	1.28829	1.25122	1.28384	0
2009-02-27	1.28030	1.29906	1.26031	1.26728	555417
2009-03-06	1.26300	1.27529	1.24570	1.26394	661147
2009-03-13	1.26490	1.29567	1.25551	1.29148	657106
2009-03-20	1.28840	1.37369	1.28323	1.35632	656334
2009-03-27	1.36198	1.37349	1.32560	1.32962	618140
2009-04-03	1.32186	1.35166	1.31115	1.34845	559422
2009-04-10	1.35039	1.35807	1.30874	1.31760	454901
2009-04-17	1.31866	1.33905	1.30163	1.30246	464097
2009-04-24	1.30553	1.33001	1.28845	1.32428	525627
2009-05-01	1.32424	1.33850	1.29633	1.32628	601919
2009-05-08	1.32644	1.36311	1.32113	1.36281	645714
2009-05-15	1.36466	1.37210	1.34609	1.34884	673472
2009-05-22	1.34764	1.40497	1.34223	1.40006	695206
2009-05-29	1.40174	1.41674	1.37919	1.41382	639731
2009-06-05	1.41410	1.43375	1.39315	1.39644	776292
2009-06-12	1.39669	1.41771	1.38045	1.40127	694547
2009-06-19	1.39921	1.40110	1.37473	1.39455	658782
2009-06-26	1.39454	1.41373	1.38254	1.40672	635596
2009-07-03	1.40629	1.41999	1.39259	1.39744	546285
2009-07-10	1.39564	1.40710	1.38318	1.39481	621990
2009-07-17	1.39460	1.41649	1.38962	1.40962	608798
2009-07-24	1.40912	1.42901	1.40912	1.42150	563927
2009-07-31	1.42224	1.42968	1.40064	1.42514	432270
2009-08-07	1.42639	1.44460	1.41530	1.41686	572668
2009-08-14	1.42010	1.43259	1.40853	1.41890	495445
2009-08-21	1.41829	1.43752	1.40445	1.43400	501423
2009-08-28	1.43309	1.44054	1.42055	1.43021	476223
2009-09-04	1.43077	1.43767	1.41762	1.43029	490964
2009-09-11	1.42991	1.46342	1.42969	1.45816	492121
2009-09-18	1.45984	1.47661	1.45145	1.47010	523058
2009-09-25	1.47026	1.48431	1.46105	1.46684	546146
2009-10-02	1.46994	1.47189	1.44799	1.45731	593737
2009-10-09	1.46074	1.48162	1.45797	1.47106	526199
2009-10-16	1.47202	1.49666	1.46755	1.48933	538877
2009-10-23	1.48857	1.50594	1.48275	1.49959	577381
2009-10-30	1.49921	1.50620	1.46822	1.47115	596685
2009-11-06	1.47145	1.49168	1.46255	1.48446	587878
2009-11-13	1.48805	1.50471	1.48203	1.49201	510415
2009-11-20	1.49162	1.50144	1.47997	1.48605	533342
2009-11-27	1.48542	1.51431	1.48272	1.49663	540632
2009-12-04	1.50114	1.51401	1.48210	1.48455	540380
2009-12-11	1.48543	1.49042	1.45850	1.46271	607038
2009-12-18	1.46243	1.46844	1.42603	1.43334	544532
2009-12-24	1.43053	1.44168	1.42163	1.43627	269775
2009-12-31	1.43836	1.44571	1.42723	1.43313	220922
2010-01-08	1.43000	1.44832	1.42564	1.44140	535761
2010-01-15	1.44264	1.45781	1.43355	1.43787	544337
2010-01-22	1.43508	1.44130	1.40281	1.41380	559797
2010-01-29	1.41545	1.41931	1.38615	1.38635	621453
2010-02-05	1.38607	1.40250	1.35845	1.36625	597890
2010-02-12	1.36560	1.38381	1.35309	1.36165	654143
2010-02-19	1.36233	1.37875	1.34439	1.35940	510610
2010-02-26	1.36344	1.36913	1.34504	1.36145	578103
2010-03-05	1.36226	1.37351	1.34339	1.36194	601236
2010-03-12	1.36301	1.37951	1.35365	1.37605	501494
2010-03-19	1.37758	1.38172	1.35020	1.35345	454347
2010-03-26	1.35351	1.35682	1.32666	1.34214	559342
2010-04-02	1.34691	1.35899	1.33834	1.34889	409069
2010-04-09	1.34948	1.35370	1.32813	1.34950	447127
2010-04-16	1.36567	1.36909	1.34714	1.35071	561338
2010-04-23	1.34648	1.35216	1.32010	1.33722	519273
2010-04-30	1.33457	1.34149	1.31134	1.33151	675410
2010-05-07	1.33525	1.33593	1.25125	1.27291	926294
2010-05-14	1.29164	1.30933	1.23575	1.23806	974147
2010-05-21	1.23399	1.26711	1.21430	1.25689	1082780
2010-05-28	1.25348	1.25620	1.21524	1.22669	957608
2010-06-04	1.22664	1.23529	1.19542	1.19663	791414
2010-06-11	1.19066	1.21515	1.18905	1.20958	818576
2010-06-18	1.21241	1.24156	1.21149	1.23759	800777
2010-06-25	1.24482	1.24663	1.22081	1.23908	738622
2010-07-02	1.23717	1.26105	1.21505	1.25485	782789
2010-07-09	1.25609	1.27215	1.24791	1.26406	622335
2010-07-16	1.26317	1.30062	1.25215	1.29272	743392
2010-07-23	1.29031	1.30274	1.27315	1.29120	860692
2010-07-30	1.28884	1.31062	1.28753	1.30355	814000
2010-08-06	1.30608	1.33334	1.30522	1.32899	691678
2010-08-13	1.32902	1.33068	1.27503	1.27506	775650
2010-08-20	1.27559	1.29212	1.26626	1.27057	810191
2010-08-27	1.27029	1.27784	1.25861	1.27315	798610
2010-09-03	1.27585	1.28962	1.26245	1.28940	631064
2010-09-10	1.28883	1.29181	1.26427	1.27076	767280
2010-09-17	1.27133	1.31585	1.27019	1.30363	952560
2010-09-24	1.30588	1.34931	1.30281	1.34905	1028973
2010-10-01	1.34851	1.37819	1.33797	1.37765	1223987
2010-10-08	1.37991	1.40282	1.36363	1.39249	1297046
2010-10-15	1.39926	1.41576	1.37742	1.39713	1266159
2010-10-22	1.39888	1.40493	1.36963	1.39273	1291792
2010-10-29	1.39702	1.40791	1.37328	1.39164	1054575
2010-11-05	1.39600	1.42811	1.38629	1.40319	952417
2010-11-12	1.40534	1.40846	1.35725	1.36912	1117550
2010-11-19	1.37043	1.37499	1.34456	1.36845	954457
2010-11-26	1.37173	1.37851	1.31993	1.32467	941950
2010-12-03	1.32803	1.34159	1.29676	1.34098	1087008
2010-12-10	1.33788	1.34214	1.31630	1.32270	977101
2010-12-17	1.31955	1.34972	1.31320	1.31838	906869
2010-12-24	1.31843	1.32010	1.30541	1.31146	611440
2010-12-31	1.31130	1.34230	1.30710	1.33903	545065
2011-01-07	1.33447	1.34329	1.29044	1.29099	953445
2011-01-14	1.28755	1.34559	1.28723	1.33727	1071176
2011-01-21	1.33825	1.36238	1.32434	1.36138	962755
2011-01-28	1.36405	1.37571	1.35391	1.36074	1018728
2011-02-04	1.35866	1.38607	1.35423	1.35796	988293
2011-02-11	1.35618	1.37431	1.34961	1.35463	1059103
2011-02-18	1.35057	1.37141	1.34271	1.36846	960947
2011-02-25	1.36989	1.38370	1.35240	1.37491	930718
2011-03-04	1.37551	1.40062	1.37103	1.39831	817431
2011-03-11	1.39911	1.40350	1.37509	1.39020	1041053
2011-03-18	1.39650	1.41825	1.38544	1.41709	1201667
2011-03-25	1.41925	1.42471	1.40522	1.40731	900451
2011-04-01	1.40387	1.42445	1.40197	1.42266	866975
2011-04-08	1.42269	1.44864	1.41504	1.44839	870896
2011-04-15	1.44699	1.45193	1.43641	1.44222	927530
2011-04-22	1.44075	1.46474	1.41558	1.45453	891177
2011-04-29	1.45580	1.48809	1.44921	1.48134	817087
2011-05-06	1.48138	1.49389	1.43143	1.43508	1309905
2011-05-13	1.43715	1.44410	1.40649	1.40992	1494555
2011-05-20	1.40875	1.43443	1.40470	1.41539	1472220
2011-05-27	1.41223	1.43016	1.39682	1.42816	1496573
2011-06-03	1.43191	1.46414	1.42556	1.46333	1227689
2011-06-10	1.46059	1.46952	1.43211	1.43321	1338178
2011-06-17	1.43211	1.44963	1.40724	1.43019	1510557
2011-06-24	1.42746	1.44407	1.41252	1.41854	1374127
2011-07-01	1.41912	1.45511	1.41015	1.45263	1351335
2011-07-08	1.45318	1.45769	1.42045	1.42564	1154715
2011-07-15	1.42034	1.42811	1.38363	1.41576	1643598
2011-07-22	1.41049	1.44364	1.40129	1.43633	1290220
2011-07-29	1.43853	1.45350	1.42280	1.43712	1207857
2011-08-05	1.43802	1.44528	1.40545	1.42809	1737309
2011-08-12	1.44182	1.44300	1.41020	1.42473	1743384
2011-08-19	1.42659	1.45162	1.42420	1.43928	1253234
2011-08-26	1.43808	1.45005	1.43264	1.44953	1086930
2011-09-02	1.44990	1.45481	1.41827	1.41926	995655
2011-09-09	1.41602	1.42852	1.36259	1.36620	1373788
2011-09-16	1.35849	1.39357	1.34935	1.37835	1657366
2011-09-23	1.36904	1.37955	1.33835	1.35039	1760550
2011-09-30	1.35126	1.36890	1.33613	1.33929	1749445
2011-10-07	1.33375	1.35235	1.31443	1.33913	1599101
2011-10-14	1.33874	1.38931	1.33766	1.38824	1359959
2011-10-21	1.38651	1.39132	1.36516	1.38901	1368524
2011-10-28	1.38389	1.42464	1.37969	1.41551	1383848
2011-11-04	1.41355	1.41714	1.36072	1.37719	1495816
2011-11-11	1.38267	1.38578	1.34824	1.37543	1343213
2011-11-18	1.38083	1.38083	1.34202	1.35090	1383902
2011-11-25	1.35079	1.35676	1.32112	1.32305	1149607
2011-12-02	1.33187	1.35485	1.32581	1.34046	1177816
2011-12-09	1.34214	1.34852	1.32805	1.33799	975935
2011-12-16	1.33806	1.33806	1.29440	1.30399	1065587
2011-12-23	1.30391	1.31981	1.29818	1.30404	765835
2011-12-30	1.30316	1.30822	1.28570	1.29581	552883
2012-01-06	1.29339	1.30760	1.26961	1.27136	809961
2012-01-13	1.26929	1.28772	1.26229	1.26742	1128742
2012-01-20	1.26314	1.29853	1.26248	1.29273	972646
2012-01-27	1.28764	1.32327	1.28743	1.32134	922549
2012-02-03	1.32214	1.32234	1.30250	1.31514	1003149
2012-02-09	1.31098	1.33212	1.30265	1.32838	854891
